"","reads.in","reads.out"
"bilgedribblet0t2_S289_L001_R1_001.fastq.gz",15982,15980
"bilgedribbletft2_S292_L001_R1_001.fastq.gz",13916,13912
"blank10r1_S607_L001_R1_001.fastq.gz",551,550
"blank11r1_S578_L001_R1_001.fastq.gz",47,46
"blank12r1_S580_L001_R1_001.fastq.gz",2085,2084
"blank13r1_S614_L001_R1_001.fastq.gz",86,83
"blank14r1_S609_L001_R1_001.fastq.gz",67,67
"blank15r1_S610_L001_R1_001.fastq.gz",235,232
"blank16r1_S586_L001_R1_001.fastq.gz",145,145
"blank17r1_S608_L001_R1_001.fastq.gz",19921,19900
"blank18Ar1_S579_L001_R1_001.fastq.gz",1221,1221
"blank18Br1_S613_L001_R1_001.fastq.gz",876,876
"blank19r1_S584_L001_R1_001.fastq.gz",25,23
"blank1r1_S577_L001_R1_001.fastq.gz",125,125
"blank20r1_S589_L001_R1_001.fastq.gz",199,199
"blank21Ar1_S594_L001_R1_001.fastq.gz",100,97
"blank21Br1_S599_L001_R1_001.fastq.gz",3226,3222
"blank22r1_S604_L001_R1_001.fastq.gz",6,4
"blank23Ar1_S593_L001_R1_001.fastq.gz",6522,6517
"blank23Br1_S598_L001_R1_001.fastq.gz",6189,6189
"blank24r1_S603_L001_R1_001.fastq.gz",9157,9157
"blank25r1_S588_L001_R1_001.fastq.gz",922,922
"blank26Ar1_S600_L001_R1_001.fastq.gz",4370,4370
"blank26Br1_S605_L001_R1_001.fastq.gz",1658,1653
"blank27Ar1_S590_L001_R1_001.fastq.gz",1310,1307
"blank27Br1_S595_L001_R1_001.fastq.gz",1639,1639
"blank28Ar1_S591_L001_R1_001.fastq.gz",360,360
"blank29Ar1_S581_L001_R1_001.fastq.gz",106,106
"blank29Br1_S615_L001_R1_001.fastq.gz",1051,1051
"blank2r1_S582_L001_R1_001.fastq.gz",473,472
"blank30r1_S585_L001_R1_001.fastq.gz",5194,5187
"blank31r1_S484_L001_R1_001.fastq.gz",605,604
"blank3r1_S23_L001_R1_001.fastq.gz",5761,5743
"blank4r1_S592_L001_R1_001.fastq.gz",367,365
"blank5r1_S602_L001_R1_001.fastq.gz",9,9
"blank6r1_S587_L001_R1_001.fastq.gz",2989,2989
"blank7r1_S597_L001_R1_001.fastq.gz",544,544
"blank8r1_S612_L001_R1_001.fastq.gz",336,336
"blank9r1_S583_L001_R1_001.fastq.gz",1130,1124
"c10t1bf_S59_L001_R1_001.fastq.gz",17925,17919
"c10t1bw_S65_L001_R1_001.fastq.gz",11055,11053
"c10t1hull_S53_L001_R1_001.fastq.gz",10573,10571
"c10t1post_S21_L001_R1_001.fastq.gz",15033,15032
"c10t1pre_S9_L001_R1_001.fastq.gz",2353,2352
"c10t1rear_S51_L001_R1_001.fastq.gz",19988,19974
"c10t2bf_S261_L001_R1_001.fastq.gz",17591,17581
"c10t2bw_S260_L001_R1_001.fastq.gz",22505,22503
"c10t2hull_S262_L001_R1_001.fastq.gz",5809,5809
"c10t2post_S249_L001_R1_001.fastq.gz",11525,11525
"c10t2pre_S248_L001_R1_001.fastq.gz",18038,18037
"c10t2rear_S263_L001_R1_001.fastq.gz",15102,15100
"c10t3bf_S352_L001_R1_001.fastq.gz",14630,14600
"c10t3bw_S351_L001_R1_001.fastq.gz",11823,11819
"c10t3hull_S353_L001_R1_001.fastq.gz",13123,13123
"c10t3post_S378_L001_R1_001.fastq.gz",31298,31296
"c10t3pre_S377_L001_R1_001.fastq.gz",20665,20665
"c10t3rear_S354_L001_R1_001.fastq.gz",11224,11220
"c10t4bf_S536_L001_R1_001.fastq.gz",36828,36753
"c10t4bw_S535_L001_R1_001.fastq.gz",18066,18060
"c10t4hull_S537_L001_R1_001.fastq.gz",12566,12564
"c10t4post_S567_L001_R1_001.fastq.gz",31256,31251
"c10t4pre_S566_L001_R1_001.fastq.gz",37824,37823
"c10t4rear_S538_L001_R1_001.fastq.gz",9879,9874
"c11t1bf_S108_L001_R1_001.fastq.gz",10270,10258
"c11t1bw_S107_L001_R1_001.fastq.gz",10495,10488
"c11t1hull_S109_L001_R1_001.fastq.gz",12009,12006
"c11t1post_S73_L001_R1_001.fastq.gz",16302,16300
"c11t1pre_S72_L001_R1_001.fastq.gz",22594,22590
"c11t1rear_S110_L001_R1_001.fastq.gz",8012,8011
"c11t2bf_S265_L001_R1_001.fastq.gz",16207,16207
"c11t2bw_S264_L001_R1_001.fastq.gz",7153,7153
"c11t2hull_S266_L001_R1_001.fastq.gz",188,186
"c11t2post_S251_L001_R1_001.fastq.gz",12963,12963
"c11t2pre_S250_L001_R1_001.fastq.gz",13842,13837
"c11t2rear_S267_L001_R1_001.fastq.gz",15,15
"c11t3bf_S356_L001_R1_001.fastq.gz",12343,12289
"c11t3bw_S355_L001_R1_001.fastq.gz",12689,12688
"c11t3hull_S357_L001_R1_001.fastq.gz",46556,46552
"c11t3post_S380_L001_R1_001.fastq.gz",23264,23262
"c11t3pre_S379_L001_R1_001.fastq.gz",24823,24822
"c11t3rear_S358_L001_R1_001.fastq.gz",15743,15743
"c11t4bf_S510_L001_R1_001.fastq.gz",27191,27151
"c11t4bw_S509_L001_R1_001.fastq.gz",25577,25564
"c11t4hull_S511_L001_R1_001.fastq.gz",10819,10819
"c11t4post_S532_L001_R1_001.fastq.gz",19180,19178
"c11t4pre_S531_L001_R1_001.fastq.gz",27654,27654
"c11t4rear_S512_L001_R1_001.fastq.gz",10961,10956
"c12t1bf_S104_L001_R1_001.fastq.gz",19333,19330
"c12t1bw_S103_L001_R1_001.fastq.gz",18762,18737
"c12t1hull_S105_L001_R1_001.fastq.gz",11965,11962
"c12t1post_S75_L001_R1_001.fastq.gz",17096,17093
"c12t1pre_S74_L001_R1_001.fastq.gz",22356,22354
"c12t1rear_S106_L001_R1_001.fastq.gz",12379,12374
"c12t3bf_S360_L001_R1_001.fastq.gz",15109,15023
"c12t3bw_S359_L001_R1_001.fastq.gz",16568,16561
"c12t3hull_S361_L001_R1_001.fastq.gz",8615,8608
"c12t3post_S385_L001_R1_001.fastq.gz",19078,19073
"c12t3pre_S381_L001_R1_001.fastq.gz",33427,33424
"c12t3rear_S362_L001_R1_001.fastq.gz",10192,10186
"c13t1bf_S100_L001_R1_001.fastq.gz",17263,17256
"c13t1bw_S99_L001_R1_001.fastq.gz",16146,16134
"c13t1hull_S101_L001_R1_001.fastq.gz",20988,20981
"c13t1post_S77_L001_R1_001.fastq.gz",18890,18890
"c13t1pre_S76_L001_R1_001.fastq.gz",23759,23755
"c13t1rear_S102_L001_R1_001.fastq.gz",24106,24096
"c13t2bf_S212_L001_R1_001.fastq.gz",19691,19687
"c13t2bw_S211_L001_R1_001.fastq.gz",17124,17114
"c13t2hull_S213_L001_R1_001.fastq.gz",7916,7912
"c13t2post_S196_L001_R1_001.fastq.gz",22095,22095
"c13t2pre_S195_L001_R1_001.fastq.gz",28598,28598
"c13t2rear_S214_L001_R1_001.fastq.gz",7241,7240
"c13t3bf_S364_L001_R1_001.fastq.gz",15236,15201
"c13t3bw_S363_L001_R1_001.fastq.gz",15617,15607
"c13t3hull_S365_L001_R1_001.fastq.gz",10170,10169
"c13t3post_S387_L001_R1_001.fastq.gz",20490,20490
"c13t3pre_S386_L001_R1_001.fastq.gz",18408,18407
"c13t3rear_S366_L001_R1_001.fastq.gz",11237,11236
"c13t4bf_S506_L001_R1_001.fastq.gz",24410,24372
"c13t4bw_S505_L001_R1_001.fastq.gz",16192,16181
"c13t4hull_S507_L001_R1_001.fastq.gz",26068,26068
"c13t4post_S530_L001_R1_001.fastq.gz",35162,35158
"c13t4pre_S529_L001_R1_001.fastq.gz",23552,23551
"c13t4rear_S508_L001_R1_001.fastq.gz",37846,37832
"c14t1bf_S93_L001_R1_001.fastq.gz",24962,24955
"c14t1bw_S92_L001_R1_001.fastq.gz",20336,20336
"c14t1hull_S97_L001_R1_001.fastq.gz",12026,12024
"c14t1post_S79_L001_R1_001.fastq.gz",29319,29316
"c14t1pre_S78_L001_R1_001.fastq.gz",18026,18022
"c14t1rear_S98_L001_R1_001.fastq.gz",16325,16322
"c14t3bf_S368_L001_R1_001.fastq.gz",16109,16086
"c14t3bw_S367_L001_R1_001.fastq.gz",32605,32584
"c14t3hull_S369_L001_R1_001.fastq.gz",43604,43598
"c14t3post_S389_L001_R1_001.fastq.gz",5419,5418
"c14t3pre_S388_L001_R1_001.fastq.gz",14056,14055
"c14t3rear_S370_L001_R1_001.fastq.gz",16780,16771
"c15t1bf_S89_L001_R1_001.fastq.gz",18493,18491
"c15t1bw_S88_L001_R1_001.fastq.gz",24450,24440
"c15t1hull_S90_L001_R1_001.fastq.gz",17027,17027
"c15t1post_S81_L001_R1_001.fastq.gz",17044,17042
"c15t1pre_S80_L001_R1_001.fastq.gz",15994,15994
"c15t1rear_S91_L001_R1_001.fastq.gz",27627,27594
"c15t2bf_S216_L001_R1_001.fastq.gz",14107,14102
"c15t2bw_S215_L001_R1_001.fastq.gz",64,62
"c15t2hull_S217_L001_R1_001.fastq.gz",17914,17911
"c15t2post_S198_L001_R1_001.fastq.gz",19136,19134
"c15t2pre_S197_L001_R1_001.fastq.gz",19353,19352
"c15t2rear_S218_L001_R1_001.fastq.gz",249,248
"c15t3bf_S411_L001_R1_001.fastq.gz",16047,16018
"c15t3bw_S410_L001_R1_001.fastq.gz",14891,14886
"c15t3hull_S412_L001_R1_001.fastq.gz",18194,18185
"c15t3post_S393_L001_R1_001.fastq.gz",17367,17367
"c15t3pre_S392_L001_R1_001.fastq.gz",13724,13721
"c15t3rear_S413_L001_R1_001.fastq.gz",23766,23763
"c15t4bf_S502_L001_R1_001.fastq.gz",16132,16083
"c15t4bw_S501_L001_R1_001.fastq.gz",14630,14623
"c15t4hull_S503_L001_R1_001.fastq.gz",34641,34605
"c15t4post_S528_L001_R1_001.fastq.gz",13324,13319
"c15t4pre_S527_L001_R1_001.fastq.gz",17051,17051
"c15t4rear_S504_L001_R1_001.fastq.gz",8138,8130
"c16t1bf_S85_L001_R1_001.fastq.gz",19108,19105
"c16t1bw_S84_L001_R1_001.fastq.gz",16536,16526
"c16t1hull_S86_L001_R1_001.fastq.gz",16663,16650
"c16t1post_S83_L001_R1_001.fastq.gz",16659,16653
"c16t1pre_S82_L001_R1_001.fastq.gz",20214,20211
"c16t1rear_S87_L001_R1_001.fastq.gz",23587,23569
"c16t3bf_S415_L001_R1_001.fastq.gz",7045,7041
"c16t3bw_S414_L001_R1_001.fastq.gz",19969,19965
"c16t3hull_S416_L001_R1_001.fastq.gz",13114,13111
"c16t3post_S395_L001_R1_001.fastq.gz",18035,18035
"c16t3pre_S394_L001_R1_001.fastq.gz",10553,10553
"c16t3rear_S417_L001_R1_001.fastq.gz",1390,1389
"c17t1bf_S144_L001_R1_001.fastq.gz",11180,11155
"c17t1bw_S143_L001_R1_001.fastq.gz",18343,18322
"c17t1hull_S145_L001_R1_001.fastq.gz",5830,5830
"c17t1post_S122_L001_R1_001.fastq.gz",15381,15380
"c17t1pre_S121_L001_R1_001.fastq.gz",14496,14493
"c17t1rear_S146_L001_R1_001.fastq.gz",13131,13128
"c17t2bf_S220_L001_R1_001.fastq.gz",17546,17513
"c17t2bw_S219_L001_R1_001.fastq.gz",16801,16765
"c17t2hull_S221_L001_R1_001.fastq.gz",18,17
"c17t2post_S200_L001_R1_001.fastq.gz",22856,22849
"c17t2pre_S199_L001_R1_001.fastq.gz",21956,21954
"c17t2rear_S222_L001_R1_001.fastq.gz",20419,20414
"c17t3bf_S419_L001_R1_001.fastq.gz",14407,14391
"c17t3bw_S418_L001_R1_001.fastq.gz",10168,10156
"c17t3hull_S420_L001_R1_001.fastq.gz",10874,10874
"c17t3post_S397_L001_R1_001.fastq.gz",17133,17131
"c17t3pre_S396_L001_R1_001.fastq.gz",15832,15831
"c17t3rear_S421_L001_R1_001.fastq.gz",20933,20917
"c17t4bf_S498_L001_R1_001.fastq.gz",23351,23319
"c17t4bw_S497_L001_R1_001.fastq.gz",27453,27429
"c17t4hull_S499_L001_R1_001.fastq.gz",2388,2387
"c17t4post_S526_L001_R1_001.fastq.gz",24512,24509
"c17t4pre_S525_L001_R1_001.fastq.gz",26237,26233
"c17t4rear_S500_L001_R1_001.fastq.gz",1088,1088
"c18t1bf_S148_L001_R1_001.fastq.gz",19997,19989
"c18t1bw_S147_L001_R1_001.fastq.gz",19606,19592
"c18t1hull_S149_L001_R1_001.fastq.gz",27482,27478
"c18t1post_S124_L001_R1_001.fastq.gz",20287,20286
"c18t1pre_S123_L001_R1_001.fastq.gz",15745,15744
"c18t1rear_S150_L001_R1_001.fastq.gz",18698,18698
"c18t3bf_S423_L001_R1_001.fastq.gz",25798,25772
"c18t3bw_S422_L001_R1_001.fastq.gz",21648,21636
"c18t3hull_S424_L001_R1_001.fastq.gz",44895,44856
"c18t3post_S399_L001_R1_001.fastq.gz",22583,22580
"c18t3pre_S398_L001_R1_001.fastq.gz",15783,15780
"c18t3rear_S425_L001_R1_001.fastq.gz",16754,16748
"c19t1bf_S152_L001_R1_001.fastq.gz",15269,15256
"c19t1bw_S151_L001_R1_001.fastq.gz",20070,20067
"c19t1hull_S153_L001_R1_001.fastq.gz",22,22
"c19t1post_S126_L001_R1_001.fastq.gz",19429,19425
"c19t1pre_S125_L001_R1_001.fastq.gz",15684,15684
"c19t1rear_S154_L001_R1_001.fastq.gz",17,15
"c19t2bf_S224_L001_R1_001.fastq.gz",19543,19527
"c19t2bw_S223_L001_R1_001.fastq.gz",16228,16190
"c19t2hull_S225_L001_R1_001.fastq.gz",12823,12818
"c19t2post_S202_L001_R1_001.fastq.gz",16818,16816
"c19t2pre_S201_L001_R1_001.fastq.gz",16309,16309
"c19t2rear_S226_L001_R1_001.fastq.gz",4280,4280
"c19t3bf_S427_L001_R1_001.fastq.gz",20822,20755
"c19t3bw_S426_L001_R1_001.fastq.gz",18961,18943
"c19t3hull_S428_L001_R1_001.fastq.gz",6262,6260
"c19t3post_S401_L001_R1_001.fastq.gz",22706,22703
"c19t3pre_S400_L001_R1_001.fastq.gz",16194,16190
"c19t3rear_S429_L001_R1_001.fastq.gz",9618,9606
"c19t4bf_S494_L001_R1_001.fastq.gz",20692,20621
"c19t4bw_S493_L001_R1_001.fastq.gz",13966,13944
"c19t4hull_S495_L001_R1_001.fastq.gz",13283,13283
"c19t4post_S524_L001_R1_001.fastq.gz",32719,32718
"c19t4pre_S523_L001_R1_001.fastq.gz",20678,20675
"c19t4rear_S496_L001_R1_001.fastq.gz",32290,32278
"c1t1bf_S42_L001_R1_001.fastq.gz",18354,18338
"c1t1bw_S43_L001_R1_001.fastq.gz",19362,19356
"c1t1hull_S36_L001_R1_001.fastq.gz",12729,12718
"c1t1post_S7_L001_R1_001.fastq.gz",17695,17695
"c1t1pre_S5_L001_R1_001.fastq.gz",21772,21770
"c1t1rear_S26_L001_R1_001.fastq.gz",15861,15857
"c1t3bf_S310_L001_R1_001.fastq.gz",14022,14005
"c1t3bw_S309_L001_R1_001.fastq.gz",17616,17612
"c1t3hull_S311_L001_R1_001.fastq.gz",30619,30609
"c1t3post_S294_L001_R1_001.fastq.gz",22366,22363
"c1t3pre_S293_L001_R1_001.fastq.gz",14450,14450
"c1t3rear_S312_L001_R1_001.fastq.gz",8733,8732
"c20t1bf_S156_L001_R1_001.fastq.gz",11839,11838
"c20t1bw_S155_L001_R1_001.fastq.gz",14430,14427
"c20t1hull_S157_L001_R1_001.fastq.gz",17850,17850
"c20t1post_S128_L001_R1_001.fastq.gz",16814,16813
"c20t1pre_S127_L001_R1_001.fastq.gz",21793,21791
"c20t1rear_S158_L001_R1_001.fastq.gz",5241,5241
"c20t3bf_S431_L001_R1_001.fastq.gz",20863,20825
"c20t3bw_S430_L001_R1_001.fastq.gz",17828,17813
"c20t3hull_S432_L001_R1_001.fastq.gz",64076,64058
"c20t3post_S403_L001_R1_001.fastq.gz",17081,17080
"c20t3pre_S402_L001_R1_001.fastq.gz",6759,6758
"c20t3rear_S433_L001_R1_001.fastq.gz",11342,11338
"c21t1bf_S160_L001_R1_001.fastq.gz",34516,34501
"c21t1bw_S159_L001_R1_001.fastq.gz",29650,29621
"c21t1hull_S161_L001_R1_001.fastq.gz",11083,11079
"c21t1post_S130_L001_R1_001.fastq.gz",10670,10669
"c21t1pre_S129_L001_R1_001.fastq.gz",16905,16903
"c21t1rear_S162_L001_R1_001.fastq.gz",35243,35235
"c21t2bf_S228_L001_R1_001.fastq.gz",13767,13707
"c21t2bw_S227_L001_R1_001.fastq.gz",14814,14675
"c21t2hull_S229_L001_R1_001.fastq.gz",17747,17739
"c21t2post_S204_L001_R1_001.fastq.gz",13849,13847
"c21t2pre_S203_L001_R1_001.fastq.gz",14447,14445
"c21t2rear_S230_L001_R1_001.fastq.gz",13441,13435
"c21t3bf_S435_L001_R1_001.fastq.gz",18977,18946
"c21t3bw_S434_L001_R1_001.fastq.gz",19238,19206
"c21t3hull_S436_L001_R1_001.fastq.gz",12073,12065
"c21t3post_S405_L001_R1_001.fastq.gz",10188,10188
"c21t3pre_S404_L001_R1_001.fastq.gz",18315,18314
"c21t3rear_S437_L001_R1_001.fastq.gz",20502,20498
"c21t4bf_S490_L001_R1_001.fastq.gz",10913,10875
"c21t4bw_S489_L001_R1_001.fastq.gz",15755,15750
"c21t4hull_S491_L001_R1_001.fastq.gz",12279,12276
"c21t4post_S522_L001_R1_001.fastq.gz",33708,33703
"c21t4pre_S521_L001_R1_001.fastq.gz",41993,41985
"c21t4rear_S492_L001_R1_001.fastq.gz",12779,12777
"c22t1bf_S164_L001_R1_001.fastq.gz",23202,23177
"c22t1bw_S163_L001_R1_001.fastq.gz",9269,9265
"c22t1hull_S165_L001_R1_001.fastq.gz",27989,27976
"c22t1post_S132_L001_R1_001.fastq.gz",10704,10697
"c22t1pre_S131_L001_R1_001.fastq.gz",14160,14160
"c22t1rear_S166_L001_R1_001.fastq.gz",12372,12371
"c22t3bf_S439_L001_R1_001.fastq.gz",19173,19160
"c22t3bw_S438_L001_R1_001.fastq.gz",21617,21592
"c22t3hull_S440_L001_R1_001.fastq.gz",457,457
"c22t3post_S407_L001_R1_001.fastq.gz",16851,16851
"c22t3pre_S406_L001_R1_001.fastq.gz",10154,10154
"c22t3rear_S441_L001_R1_001.fastq.gz",7379,7373
"c23t1bf_S168_L001_R1_001.fastq.gz",14841,14830
"c23t1bw_S167_L001_R1_001.fastq.gz",12917,12876
"c23t1hull_S169_L001_R1_001.fastq.gz",19254,19245
"c23t1post_S134_L001_R1_001.fastq.gz",22476,22473
"c23t1pre_S133_L001_R1_001.fastq.gz",15925,15919
"c23t1rear_S170_L001_R1_001.fastq.gz",23892,23892
"c23t2bf_S232_L001_R1_001.fastq.gz",20351,20246
"c23t2bw_S231_L001_R1_001.fastq.gz",28041,27921
"c23t2hull_S233_L001_R1_001.fastq.gz",24,18
"c23t2post_S206_L001_R1_001.fastq.gz",18623,18612
"c23t2pre_S205_L001_R1_001.fastq.gz",18269,18266
"c23t2rear_S234_L001_R1_001.fastq.gz",11019,11015
"c23t3bf_S447_L001_R1_001.fastq.gz",18739,18725
"c23t3bw_S446_L001_R1_001.fastq.gz",20357,20311
"c23t3hull_S448_L001_R1_001.fastq.gz",30,29
"c23t3post_S463_L001_R1_001.fastq.gz",13961,13961
"c23t3pre_S462_L001_R1_001.fastq.gz",28182,28182
"c23t3rear_S449_L001_R1_001.fastq.gz",67136,67116
"c23t4bf_S486_L001_R1_001.fastq.gz",16782,16767
"c23t4bw_S485_L001_R1_001.fastq.gz",14849,14832
"c23t4hull_S487_L001_R1_001.fastq.gz",93366,93348
"c23t4post_S520_L001_R1_001.fastq.gz",31305,31288
"c23t4pre_S519_L001_R1_001.fastq.gz",24788,24788
"c23t4rear_S488_L001_R1_001.fastq.gz",60286,60273
"c24t1bf_S172_L001_R1_001.fastq.gz",22642,22638
"c24t1bw_S171_L001_R1_001.fastq.gz",9061,9060
"c24t1hull_S173_L001_R1_001.fastq.gz",60272,60264
"c24t1post_S136_L001_R1_001.fastq.gz",22899,22896
"c24t1pre_S135_L001_R1_001.fastq.gz",32438,32438
"c24t1rear_S174_L001_R1_001.fastq.gz",18883,18877
"c24t3bf_S451_L001_R1_001.fastq.gz",24071,24032
"c24t3bw_S450_L001_R1_001.fastq.gz",15182,15172
"c24t3hull_S452_L001_R1_001.fastq.gz",5870,5868
"c24t3post_S465_L001_R1_001.fastq.gz",14483,14480
"c24t3pre_S464_L001_R1_001.fastq.gz",24465,24464
"c24t3rear_S453_L001_R1_001.fastq.gz",1239,1239
"c25t1bf_S176_L001_R1_001.fastq.gz",25064,25060
"c25t1bw_S175_L001_R1_001.fastq.gz",17,17
"c25t1hull_S177_L001_R1_001.fastq.gz",6097,6097
"c25t1post_S138_L001_R1_001.fastq.gz",23741,23738
"c25t1pre_S137_L001_R1_001.fastq.gz",26039,26032
"c25t1rear_S178_L001_R1_001.fastq.gz",14560,14551
"c25t2bf_S236_L001_R1_001.fastq.gz",21942,21934
"c25t2bw_S235_L001_R1_001.fastq.gz",14186,14137
"c25t2hull_S237_L001_R1_001.fastq.gz",39870,39841
"c25t2post_S208_L001_R1_001.fastq.gz",21656,21650
"c25t2pre_S207_L001_R1_001.fastq.gz",19001,19001
"c25t2rear_S238_L001_R1_001.fastq.gz",7210,7208
"c25t3bf_S455_L001_R1_001.fastq.gz",11321,11320
"c25t3bw_S454_L001_R1_001.fastq.gz",4801,4801
"c25t3hull_S456_L001_R1_001.fastq.gz",5902,5900
"c25t3post_S467_L001_R1_001.fastq.gz",8752,8751
"c25t3pre_S466_L001_R1_001.fastq.gz",9370,9370
"c25t3rear_S457_L001_R1_001.fastq.gz",35429,35421
"c25t4bf_S482_L001_R1_001.fastq.gz",23102,23067
"c25t4bw_S481_L001_R1_001.fastq.gz",16142,16126
"c25t4hull_S483_L001_R1_001.fastq.gz",6547,6525
"c25t4post_S518_L001_R1_001.fastq.gz",30071,30065
"c25t4pre_S517_L001_R1_001.fastq.gz",26785,26783
"c26t2bf_S269_L001_R1_001.fastq.gz",17222,17221
"c26t2bw_S268_L001_R1_001.fastq.gz",10544,10540
"c26t2hull_S270_L001_R1_001.fastq.gz",25957,25955
"c26t2post_S253_L001_R1_001.fastq.gz",17443,17441
"c26t2pre_S252_L001_R1_001.fastq.gz",10188,10186
"c26t2rear_S271_L001_R1_001.fastq.gz",15070,15066
"c26t4bf_S540_L001_R1_001.fastq.gz",16914,16869
"c26t4bw_S539_L001_R1_001.fastq.gz",14429,14419
"c26t4hull_S541_L001_R1_001.fastq.gz",17562,17562
"c26t4post_S569_L001_R1_001.fastq.gz",33942,33937
"c26t4pre_S568_L001_R1_001.fastq.gz",25603,25602
"c26t4rear_S542_L001_R1_001.fastq.gz",24509,24505
"c27t2bf_S273_L001_R1_001.fastq.gz",22278,22269
"c27t2bw_S272_L001_R1_001.fastq.gz",13533,13530
"c27t2hull_S274_L001_R1_001.fastq.gz",14605,14603
"c27t2post_S255_L001_R1_001.fastq.gz",23869,23868
"c27t2pre_S254_L001_R1_001.fastq.gz",16433,16432
"c27t2rear_S275_L001_R1_001.fastq.gz",14343,14339
"c27t4bf_S544_L001_R1_001.fastq.gz",24807,24782
"c27t4bw_S543_L001_R1_001.fastq.gz",23232,23223
"c27t4hull_S545_L001_R1_001.fastq.gz",97453,97424
"c27t4post_S571_L001_R1_001.fastq.gz",13253,13249
"c27t4pre_S570_L001_R1_001.fastq.gz",34848,34841
"c27t4rear_S546_L001_R1_001.fastq.gz",72723,72702
"c2t1bf_S70_L001_R1_001.fastq.gz",24725,24675
"c2t1bw_S71_L001_R1_001.fastq.gz",19483,19451
"c2t1hull_S69_L001_R1_001.fastq.gz",21253,21248
"c2t1post_S1_L001_R1_001.fastq.gz",20898,20893
"c2t1pre_S3_L001_R1_001.fastq.gz",24036,24036
"c2t1rear_S68_L001_R1_001.fastq.gz",20375,20374
"c2t3bf_S314_L001_R1_001.fastq.gz",19646,19622
"c2t3bw_S313_L001_R1_001.fastq.gz",22764,22750
"c2t3hull_S315_L001_R1_001.fastq.gz",45984,45968
"c2t3post_S296_L001_R1_001.fastq.gz",12701,12700
"c2t3pre_S295_L001_R1_001.fastq.gz",15163,15162
"c2t3rear_S316_L001_R1_001.fastq.gz",980,979
"c3t1bf_S24_L001_R1_001.fastq.gz",16314,16313
"c3t1bw_S62_L001_R1_001.fastq.gz",20260,20255
"c3t1hull_S37_L001_R1_001.fastq.gz",20304,20301
"c3t1post_S15_L001_R1_001.fastq.gz",14890,14889
"c3t1pre_S6_L001_R1_001.fastq.gz",21009,21006
"c3t1rear_S27_L001_R1_001.fastq.gz",13886,13884
"c3t3bf_S318_L001_R1_001.fastq.gz",19893,19835
"c3t3bw_S317_L001_R1_001.fastq.gz",17375,17307
"c3t3hull_S319_L001_R1_001.fastq.gz",28654,28640
"c3t3post_S298_L001_R1_001.fastq.gz",10860,10860
"c3t3pre_S297_L001_R1_001.fastq.gz",13493,13488
"c3t3rear_S320_L001_R1_001.fastq.gz",16975,16969
"c4t1bf_S56_L001_R1_001.fastq.gz",18450,18442
"c4t1bw_S63_L001_R1_001.fastq.gz",23834,23833
"c4t1hull_S54_L001_R1_001.fastq.gz",15292,15284
"c4t1post_S18_L001_R1_001.fastq.gz",15509,15504
"c4t1pre_S14_L001_R1_001.fastq.gz",17726,17723
"c4t1rear_S48_L001_R1_001.fastq.gz",5737,5737
"c4t3bf_S322_L001_R1_001.fastq.gz",3613,3593
"c4t3bw_S321_L001_R1_001.fastq.gz",81410,81381
"c4t3hull_S323_L001_R1_001.fastq.gz",6341,6297
"c4t3post_S300_L001_R1_001.fastq.gz",10573,10573
"c4t3pre_S299_L001_R1_001.fastq.gz",7911,7910
"c4t3rear_S324_L001_R1_001.fastq.gz",7509,7509
"c5t1bf_S25_L001_R1_001.fastq.gz",21284,21273
"c5t1bw_S35_L001_R1_001.fastq.gz",5634,5632
"c5t1hull_S38_L001_R1_001.fastq.gz",19890,19885
"c5t1post_S2_L001_R1_001.fastq.gz",10803,10799
"c5t1pre_S4_L001_R1_001.fastq.gz",24489,24487
"c5t1rear_S28_L001_R1_001.fastq.gz",20372,20366
"c5t3bf_S326_L001_R1_001.fastq.gz",23226,23190
"c5t3bw_S325_L001_R1_001.fastq.gz",18666,18604
"c5t3hull_S327_L001_R1_001.fastq.gz",9162,9140
"c5t3post_S302_L001_R1_001.fastq.gz",24539,24537
"c5t3pre_S301_L001_R1_001.fastq.gz",21702,21698
"c5t3rear_S328_L001_R1_001.fastq.gz",66128,66103
"c6t1bf_S57_L001_R1_001.fastq.gz",21523,21515
"c6t1bw_S64_L001_R1_001.fastq.gz",17165,17162
"c6t1hull_S60_L001_R1_001.fastq.gz",13555,13551
"c6t1post_S10_L001_R1_001.fastq.gz",439,439
"c6t1pre_S8_L001_R1_001.fastq.gz",18433,18433
"c6t1rear_S49_L001_R1_001.fastq.gz",17967,17941
"c6t3bf_S330_L001_R1_001.fastq.gz",18929,18897
"c6t3bw_S329_L001_R1_001.fastq.gz",24518,24465
"c6t3hull_S331_L001_R1_001.fastq.gz",90691,90637
"c6t3post_S304_L001_R1_001.fastq.gz",12398,12398
"c6t3pre_S303_L001_R1_001.fastq.gz",30965,30965
"c6t3rear_S332_L001_R1_001.fastq.gz",21232,21223
"c7t1bf_S32_L001_R1_001.fastq.gz",11445,11443
"c7t1bw_S46_L001_R1_001.fastq.gz",12553,12545
"c7t1hull_S39_L001_R1_001.fastq.gz",17496,17487
"c7t1post_S22_L001_R1_001.fastq.gz",5721,5721
"c7t1pre_S20_L001_R1_001.fastq.gz",17028,17027
"c7t1rear_S29_L001_R1_001.fastq.gz",10949,10947
"c7t3bf_S334_L001_R1_001.fastq.gz",14010,13996
"c7t3bw_S333_L001_R1_001.fastq.gz",48687,48648
"c7t3hull_S335_L001_R1_001.fastq.gz",1015,984
"c7t3post_S306_L001_R1_001.fastq.gz",18178,18177
"c7t3pre_S305_L001_R1_001.fastq.gz",13546,13541
"c7t3rear_S336_L001_R1_001.fastq.gz",29922,29903
"c8t1bf_S58_L001_R1_001.fastq.gz",20932,20908
"c8t1bw_S66_L001_R1_001.fastq.gz",16135,16128
"c8t1hull_S52_L001_R1_001.fastq.gz",13536,13535
"c8t1post_S13_L001_R1_001.fastq.gz",14286,14282
"c8t1pre_S17_L001_R1_001.fastq.gz",20192,20192
"c8t1rear_S50_L001_R1_001.fastq.gz",20711,20701
"c8t3bf_S338_L001_R1_001.fastq.gz",8033,8024
"c8t3bw_S337_L001_R1_001.fastq.gz",45023,44996
"c8t3hull_S339_L001_R1_001.fastq.gz",8913,8912
"c8t3post_S308_L001_R1_001.fastq.gz",17990,17986
"c8t3pre_S307_L001_R1_001.fastq.gz",21391,21388
"c8t3rear_S340_L001_R1_001.fastq.gz",21,16
"c9t1bf_S33_L001_R1_001.fastq.gz",14725,14717
"c9t1bw_S45_L001_R1_001.fastq.gz",23724,23700
"c9t1hull_S40_L001_R1_001.fastq.gz",23933,23917
"c9t1post_S19_L001_R1_001.fastq.gz",17403,17403
"c9t1pre_S11_L001_R1_001.fastq.gz",250,250
"c9t1rear_S30_L001_R1_001.fastq.gz",15710,15705
"c9t3bf_S348_L001_R1_001.fastq.gz",16827,16738
"c9t3bw_S347_L001_R1_001.fastq.gz",21805,21790
"c9t3hull_S349_L001_R1_001.fastq.gz",47514,47505
"c9t3post_S376_L001_R1_001.fastq.gz",16881,16881
"c9t3pre_S375_L001_R1_001.fastq.gz",22254,22254
"c9t3rear_S350_L001_R1_001.fastq.gz",3694,3694
"intbilge1t0t2_S284_L001_R1_001.fastq.gz",22655,22647
"intbilge1tft2_S290_L001_R1_001.fastq.gz",15507,15504
"intbilge2t0t2_S285_L001_R1_001.fastq.gz",13068,13068
"intbilge2tft2_S291_L001_R1_001.fastq.gz",14723,14722
"P1negcontrol1_S94_L001_R1_001.fastq.gz",181,75
"P1negcontrol2_S95_L001_R1_001.fastq.gz",130,119
"P1negcontrol3_S96_L001_R1_001.fastq.gz",193,189
"P2negcontrol1_S187_L001_R1_001.fastq.gz",21,21
"P2negcontrol2_S188_L001_R1_001.fastq.gz",37,37
"P2negcontrol3_S189_L001_R1_001.fastq.gz",28,26
"P2negcontrol4_S190_L001_R1_001.fastq.gz",31,27
"P2negcontrol5_S191_L001_R1_001.fastq.gz",18,16
"P2negcontrol6_S192_L001_R1_001.fastq.gz",130,119
"P3negcontrol1_S286_L001_R1_001.fastq.gz",8,7
"P3negcontrol2_S287_L001_R1_001.fastq.gz",25,25
"P3negcontrol3_S288_L001_R1_001.fastq.gz",38,20
"P4negcontrol1_S382_L001_R1_001.fastq.gz",24,14
"P4negcontrol2_S383_L001_R1_001.fastq.gz",24,22
"P4negcontrol3_S384_L001_R1_001.fastq.gz",38,30
"P5negcontrol1_S470_L001_R1_001.fastq.gz",16,11
"P5negcontrol10_S479_L001_R1_001.fastq.gz",8,8
"P5negcontrol11_S480_L001_R1_001.fastq.gz",10,10
"P5negcontrol2_S471_L001_R1_001.fastq.gz",367,365
"P5negcontrol3_S472_L001_R1_001.fastq.gz",4699,4690
"P5negcontrol4_S473_L001_R1_001.fastq.gz",39,25
"P5negcontrol5_S474_L001_R1_001.fastq.gz",333,331
"P5negcontrol6_S475_L001_R1_001.fastq.gz",24,24
"P5negcontrol7_S476_L001_R1_001.fastq.gz",372,372
"P5negcontrol8_S477_L001_R1_001.fastq.gz",51,41
"P5negcontrol9_S478_L001_R1_001.fastq.gz",23,20
"P6negcontrol1_S574_L001_R1_001.fastq.gz",6,6
"P6negcontrol2_S575_L001_R1_001.fastq.gz",13,11
"P6negcontrol3_S576_L001_R1_001.fastq.gz",402,28
"P7negcontrol1_S601_L001_R1_001.fastq.gz",22,22
"P7negcontrol2_S606_L001_R1_001.fastq.gz",28,26
"P7negcontrol3_S611_L001_R1_001.fastq.gz",46,44
"P7negcontrol4_S616_L001_R1_001.fastq.gz",27,27
"postblank1t4_S561_L001_R1_001.fastq.gz",19964,19946
"postblank2t4_S562_L001_R1_001.fastq.gz",55,55
"postblank3t4_S563_L001_R1_001.fastq.gz",55,55
"postblank4t4_S564_L001_R1_001.fastq.gz",6452,6450
"postblank5t4_S565_L001_R1_001.fastq.gz",7393,7389
"preblank1t4_S556_L001_R1_001.fastq.gz",14439,14424
"preblank2t4_S557_L001_R1_001.fastq.gz",9403,9401
"preblank3t4_S558_L001_R1_001.fastq.gz",5157,5156
"preblank4t4_S559_L001_R1_001.fastq.gz",19996,19989
"preblank5t4_S560_L001_R1_001.fastq.gz",4430,4430
"swabblank1t4_S551_L001_R1_001.fastq.gz",8116,8092
"swabblank2t4_S552_L001_R1_001.fastq.gz",1895,1887
"swabblank3t4_S553_L001_R1_001.fastq.gz",3147,3142
"swabblank4t4_S554_L001_R1_001.fastq.gz",253,251
"swabblank5t4_S555_L001_R1_001.fastq.gz",38,38
"t0t1bf1_S55_L001_R1_001.fastq.gz",16041,16034
"t0t1bf2_S112_L001_R1_001.fastq.gz",15551,15544
"t0t1bf3_S180_L001_R1_001.fastq.gz",12515,12514
"t0t1bw1_S61_L001_R1_001.fastq.gz",16450,16439
"t0t1bw2_S111_L001_R1_001.fastq.gz",12753,12752
"t0t1bw3_S179_L001_R1_001.fastq.gz",15856,15849
"t0t1hull1_S44_L001_R1_001.fastq.gz",13622,13618
"t0t1hull2_S113_L001_R1_001.fastq.gz",22471,22463
"t0t1hull3_S181_L001_R1_001.fastq.gz",22092,22084
"t0t1post_S140_L001_R1_001.fastq.gz",27521,27519
"t0t1pre_S139_L001_R1_001.fastq.gz",20368,20366
"t0t1rear2_S114_L001_R1_001.fastq.gz",16624,16623
"t0t1rear3_S182_L001_R1_001.fastq.gz",26731,26724
"t0t1trans_S67_L001_R1_001.fastq.gz",55,55
"t0t2bf4_S240_L001_R1_001.fastq.gz",8840,8829
"t0t2bf5_S277_L001_R1_001.fastq.gz",14636,14626
"t0t2bw4_S239_L001_R1_001.fastq.gz",17909,17819
"t0t2bw5_S276_L001_R1_001.fastq.gz",13272,13260
"t0t2hull4_S241_L001_R1_001.fastq.gz",11194,11192
"t0t2hull5_S278_L001_R1_001.fastq.gz",164031,163929
"t0t2post4_S194_L001_R1_001.fastq.gz",27821,27806
"t0t2post5_S257_L001_R1_001.fastq.gz",25546,25535
"t0t2pre4_S193_L001_R1_001.fastq.gz",19030,19024
"t0t2pre5_S256_L001_R1_001.fastq.gz",22896,22893
"t0t2rear4_S242_L001_R1_001.fastq.gz",15589,15582
"t0t2rear5_S279_L001_R1_001.fastq.gz",581,581
"t0t3bf6_S344_L001_R1_001.fastq.gz",20975,20880
"t0t3bf8_S443_L001_R1_001.fastq.gz",22472,22352
"t0t3bw6_S343_L001_R1_001.fastq.gz",12629,12625
"t0t3bw8_S442_L001_R1_001.fastq.gz",16375,16371
"t0t3hull3_S345_L001_R1_001.fastq.gz",65,62
"t0t3hull8_S444_L001_R1_001.fastq.gz",12388,12385
"t0t3post6_S342_L001_R1_001.fastq.gz",23703,23703
"t0t3post8_S409_L001_R1_001.fastq.gz",14278,14265
"t0t3pre6_S341_L001_R1_001.fastq.gz",18661,18659
"t0t3pre8_S408_L001_R1_001.fastq.gz",12666,12665
"t0t3rear6_S346_L001_R1_001.fastq.gz",15,13
"t0t3rear8_S445_L001_R1_001.fastq.gz",8234,8227
"t0t4bf_S514_L001_R1_001.fastq.gz",14358,14311
"t0t4bw_S513_L001_R1_001.fastq.gz",13423,13423
"t0t4hull_S515_L001_R1_001.fastq.gz",33,33
"t0t4post_S534_L001_R1_001.fastq.gz",30755,30750
"t0t4pre_S533_L001_R1_001.fastq.gz",29533,29529
"t0t4rear_S516_L001_R1_001.fastq.gz",14535,14532
"tf4post_S573_L001_R1_001.fastq.gz",27825,27822
"tft1bf1_S34_L001_R1_001.fastq.gz",14647,14643
"tft1bf2_S116_L001_R1_001.fastq.gz",322196,322167
"tft1bf3_S184_L001_R1_001.fastq.gz",4954,4953
"tft1bw1_S47_L001_R1_001.fastq.gz",18913,18909
"tft1bw2_S115_L001_R1_001.fastq.gz",5023,5022
"tft1bw3_S183_L001_R1_001.fastq.gz",192791,192747
"tft1hull1_S31_L001_R1_001.fastq.gz",13443,13437
"tft1hull2_S117_L001_R1_001.fastq.gz",800,800
"tft1hull3_S185_L001_R1_001.fastq.gz",31760,31756
"tft1post1_S16_L001_R1_001.fastq.gz",18191,18183
"tft1post2_S120_L001_R1_001.fastq.gz",11765,11765
"tft1post3_S142_L001_R1_001.fastq.gz",17987,17987
"tft1pre1_S12_L001_R1_001.fastq.gz",3503,3503
"tft1pre2_S119_L001_R1_001.fastq.gz",17087,17087
"tft1pre3_S141_L001_R1_001.fastq.gz",17471,17470
"tft1rear1_S41_L001_R1_001.fastq.gz",18418,18415
"tft1rear2_S118_L001_R1_001.fastq.gz",10844,10842
"tft1rear3_S186_L001_R1_001.fastq.gz",14187,14187
"tft2bf4_S244_L001_R1_001.fastq.gz",18600,18594
"tft2bf5_S281_L001_R1_001.fastq.gz",14978,14976
"tft2bilgedrip_S247_L001_R1_001.fastq.gz",13965,13959
"tft2bw4_S243_L001_R1_001.fastq.gz",18275,18273
"tft2bw5_S280_L001_R1_001.fastq.gz",85406,85395
"tft2hull4_S245_L001_R1_001.fastq.gz",11086,11086
"tft2hull5_S282_L001_R1_001.fastq.gz",20529,20517
"tft2post4_S210_L001_R1_001.fastq.gz",21668,21662
"tft2post5_S259_L001_R1_001.fastq.gz",17257,17246
"tft2pre4_S209_L001_R1_001.fastq.gz",18563,18563
"tft2pre5_S258_L001_R1_001.fastq.gz",20783,20777
"tft2rear4_S246_L001_R1_001.fastq.gz",13337,13335
"tft2rear5_S283_L001_R1_001.fastq.gz",25569,25563
"tft3bf7_S372_L001_R1_001.fastq.gz",13305,13280
"tft3bf9_S459_L001_R1_001.fastq.gz",19543,19496
"tft3bw7_S371_L001_R1_001.fastq.gz",62733,62691
"tft3bw9_S458_L001_R1_001.fastq.gz",7960,7958
"tft3hull7_S373_L001_R1_001.fastq.gz",2479,2475
"tft3hull9_S460_L001_R1_001.fastq.gz",8025,8023
"tft3post7_S391_L001_R1_001.fastq.gz",24980,24978
"tft3post9_S469_L001_R1_001.fastq.gz",19810,19808
"tft3pre7_S390_L001_R1_001.fastq.gz",12859,12856
"tft3pre9_S468_L001_R1_001.fastq.gz",15310,15305
"tft3rear7_S374_L001_R1_001.fastq.gz",3481,3481
"tft3rear9_S461_L001_R1_001.fastq.gz",66347,66331
"tft4bf_S548_L001_R1_001.fastq.gz",34011,33994
"tft4bw_S547_L001_R1_001.fastq.gz",21855,21837
"tft4hull_S549_L001_R1_001.fastq.gz",24330,24322
"tft4pre_S572_L001_R1_001.fastq.gz",25418,25413
"tft4rear_S550_L001_R1_001.fastq.gz",4632,4632
